{"nodes":{"node:0":{"location":{"x":-208,"y":-18}},"node:1":{"location":{"x":4,"y":4}},"node:5":{"location":{"x":10,"y":25}}},"selection":null,"view":{"scroll":{"x":-433.8939208984375,"y":-257.38409423828125},"visible_rect":{"max":{"x":545.62823486328125,"y":374.8446044921875},"min":{"x":-442.425872802734375,"y":-262.445220947265625}},"zoom":0.980715513229370117}}